-- phpMyAdmin SQL Dump
-- version 5.2.1
-- https://www.phpmyadmin.net/
--
-- Servidor: 127.0.0.1
-- Tiempo de generación: 29-05-2025 a las 14:56:28
-- Versión del servidor: 10.4.32-MariaDB
-- Versión de PHP: 8.2.12

SET SQL_MODE = "NO_AUTO_VALUE_ON_ZERO";
START TRANSACTION;
SET time_zone = "+00:00";


/*!40101 SET @OLD_CHARACTER_SET_CLIENT=@@CHARACTER_SET_CLIENT */;
/*!40101 SET @OLD_CHARACTER_SET_RESULTS=@@CHARACTER_SET_RESULTS */;
/*!40101 SET @OLD_COLLATION_CONNECTION=@@COLLATION_CONNECTION */;
/*!40101 SET NAMES utf8mb4 */;

--
-- Base de datos: `optitask`
--

-- --------------------------------------------------------

--
-- Estructura de tabla para la tabla `comentarios`
--




CREATE TABLE `comentarios` (
  `id_comentario` int(11) NOT NULL,
  `id_tarea` int(11) NOT NULL,
  `contenido` text NOT NULL,
  `fecha_comentario` datetime NOT NULL DEFAULT current_timestamp(),
  `id_usuario` int(11) NOT NULL
) ENGINE=InnoDB DEFAULT CHARSET=utf8mb4 COLLATE=utf8mb4_general_ci;

--
-- Volcado de datos para la tabla `comentarios`
--

INSERT INTO `comentarios` (`id_comentario`, `id_tarea`, `contenido`, `fecha_comentario`, `id_usuario`) VALUES
(7, 9, 'a', '2025-05-11 13:04:50', 1),
(8, 5, 'Hola', '2025-05-11 13:10:23', 1),
(9, 9, 'Hola Buenas taredes', '2025-05-11 13:10:51', 16),
(10, 5, 'soy Sara y Ruben estan mirandos', '2025-05-11 15:05:44', 1),
(13, 45, 'Si', '2025-05-13 11:11:01', 16),
(14, 45, 'Puede', '2025-05-13 11:11:05', 16),
(15, 45, 'AAAAAAAAAAAAAAAAAAAAAAAAAAAAAAAAAAAAAAAAAAAAAAAAAAAAAAAAAAAAAAAAAAAAAAAAAAAAAAAAAAAAAAAAAAAAAAAAAAAAAAAAAAAAAAAAAAAAAAAAAAAAAAAAAAAAAAA', '2025-05-13 11:46:28', 16),
(16, 45, 'aaaaaaaaaaaaaaaaaaaa\r\n', '2025-05-13 11:47:45', 16),
(17, 45, 's', '2025-05-13 11:49:09', 16),
(18, 45, 'asd', '2025-05-13 12:01:31', 16),
(19, 50, 'Buenos dias', '2025-05-13 12:36:15', 10),
(20, 50, 'asd', '2025-05-13 12:40:07', 10),
(22, 45, 'asd', '2025-05-14 13:49:03', 16),
(23, 51, 'asdasdasd', '2025-05-14 15:32:18', 16),
(24, 54, 'Si', '2025-05-16 11:50:46', 16),
(27, 61, 'Comentario', '2025-05-28 12:18:30', 24);

-- --------------------------------------------------------

--
-- Estructura de tabla para la tabla `compartidas`
--

CREATE TABLE `compartidas` (
  `id_compartidas` int(11) NOT NULL,
  `id_tarea` int(11) NOT NULL,
  `id_usuario_origen` int(11) NOT NULL,
  `id_usuario_destino` int(11) NOT NULL,
  `permiso` enum('Editar','Leer') NOT NULL,
  `fecha_compartida` datetime NOT NULL DEFAULT current_timestamp()
) ENGINE=InnoDB DEFAULT CHARSET=utf8mb4 COLLATE=utf8mb4_general_ci;

--
-- Volcado de datos para la tabla `compartidas`
--

INSERT INTO `compartidas` (`id_compartidas`, `id_tarea`, `id_usuario_origen`, `id_usuario_destino`, `permiso`, `fecha_compartida`) VALUES
(3, 6, 1, 16, 'Editar', '2025-05-08 17:16:53'),
(5, 26, 1, 16, 'Editar', '2025-05-08 18:07:39'),
(7, 7, 1, 16, 'Editar', '2025-05-08 21:04:01'),
(9, 10, 1, 16, 'Editar', '2025-05-09 10:40:09'),
(10, 5, 1, 16, 'Editar', '2025-05-09 10:44:28'),
(11, 9, 1, 16, 'Leer', '2025-05-09 10:45:06'),
(14, 30, 17, 16, 'Editar', '2025-05-09 14:22:27'),
(15, 31, 18, 1, 'Editar', '2025-05-10 16:04:31'),
(29, 50, 10, 1, 'Editar', '2025-05-13 12:39:13'),
(30, 50, 10, 17, 'Editar', '2025-05-13 12:42:49'),
(31, 45, 16, 1, 'Leer', '2025-05-13 15:30:47'),
(32, 45, 16, 3, 'Editar', '2025-05-13 15:31:00'),
(35, 51, 16, 1, 'Editar', '2025-05-13 15:40:20'),
(39, 45, 16, 7, 'Leer', '2025-05-13 16:22:38'),
(40, 45, 16, 10, 'Editar', '2025-05-18 10:13:21'),
(41, 54, 16, 1, 'Editar', '2025-05-18 10:14:18'),
(43, 54, 16, 24, 'Editar', '2025-05-28 11:33:33'),
(44, 61, 24, 1, 'Editar', '2025-05-28 12:38:19');

-- --------------------------------------------------------

--
-- Estructura de tabla para la tabla `subtarea`
--

CREATE TABLE `subtarea` (
  `id_subtarea` int(11) NOT NULL,
  `id_tarea` int(11) NOT NULL,
  `descripcion` varchar(255) NOT NULL,
  `completado` tinyint(1) NOT NULL DEFAULT 0
) ENGINE=InnoDB DEFAULT CHARSET=utf8mb4 COLLATE=utf8mb4_general_ci;

--
-- Volcado de datos para la tabla `subtarea`
--

INSERT INTO `subtarea` (`id_subtarea`, `id_tarea`, `descripcion`, `completado`) VALUES
(21, 50, 'a', 0),
(25, 45, 'A', 0),
(28, 51, 'Acaapsdoasda', 0),
(29, 54, 'Al igual añadir capacidad de arrastrar en inicio', 0),
(31, 54, 'Poner en la sidebar colores en funcion del estado de la tarea(C, P, EP))', 1),
(35, 61, 'Comprar las patatas', 1),
(36, 61, 'Pelar las patatas', 0);

-- --------------------------------------------------------

--
-- Estructura de tabla para la tabla `tarea`
--

CREATE TABLE `tarea` (
  `id_tarea` int(11) NOT NULL,
  `id_usuario` int(11) NOT NULL,
  `titulo` varchar(30) DEFAULT NULL,
  `fecha_creacion` datetime NOT NULL DEFAULT current_timestamp(),
  `fecha_limite` datetime DEFAULT NULL,
  `prioridad` enum('Alta','Media','Baja','') NOT NULL DEFAULT 'Media',
  `estado` enum('Pendiente','Completada','En Progreso') NOT NULL DEFAULT 'Pendiente',
  `descripcion` text DEFAULT NULL
) ENGINE=InnoDB DEFAULT CHARSET=utf8mb4 COLLATE=utf8mb4_general_ci;

--
-- Volcado de datos para la tabla `tarea`
--

INSERT INTO `tarea` (`id_tarea`, `id_usuario`, `titulo`, `fecha_creacion`, `fecha_limite`, `prioridad`, `estado`, `descripcion`) VALUES
(5, 1, 'Admin', '2025-05-06 16:26:40', '2025-05-30 00:00:00', 'Alta', 'Pendiente', 'Admin Edicion prueba'),
(6, 1, 'Admin2', '2025-05-06 16:51:16', '2025-05-29 00:00:00', 'Alta', 'Pendiente', 'aaaaaaaaaaaaaaaaaaaaaaaaaa'),
(7, 1, 'Calabaza rellena de almendra', '2025-05-06 17:14:00', '2025-05-06 00:00:00', 'Alta', 'Pendiente', 'Cortar la calabaza en 4 y añadir las almendras trituradas\r\n\r\n\r\nYa.'),
(9, 1, 'Prueba1001', '2025-05-06 17:30:40', '2025-05-31 00:00:00', 'Media', 'Pendiente', 'asdasdasdasdasasdasdasdasdasasdasdasdasdasasdasdasdasdasasdasdasdasdasasdasdasdasdasasdasdasdasdasasdasdasdasdasasdasdasdasdasasdasdasdasdasasdasdasdasdasasdasdasdasdasasdasdasdasdasasdasdasdasdasasdasdasdasdasasdasdasdasdasasdasdasdasdasasdasdasdasdasasdasdasdasdasasdasdasdasdasasdasdasdasdasasdasdasdasdasasdasdasdasdasasdasdasdasdasasdasdasdasdas'),
(10, 1, 'Prueba123', '2025-05-07 13:58:28', '2025-06-04 00:00:00', 'Baja', 'Pendiente', '12312312321'),
(26, 1, 'asdasdasd', '2025-05-08 18:07:32', '2025-05-07 00:00:00', 'Baja', 'Pendiente', 'asdasdasdasdas'),
(30, 17, 'Prueba112332', '2025-05-09 14:22:24', '2025-05-31 00:00:00', 'Media', 'Pendiente', '111'),
(31, 18, '123213123', '2025-05-10 16:03:29', '2025-05-12 00:00:00', 'Media', 'Pendiente', '123123123123123123213123131231231231231231231232131231312312312312312312312321312313123123123'),
(45, 16, 'A4', '2025-05-12 12:09:34', '2025-05-23 00:00:00', 'Media', 'Pendiente', 'AAAAAAAAAAAAAAAAAAAAAAAAAAAAAAAAAAAAAAAAAAAAAAAAAAAAAAAAAAAAAAAAAAAAAAAAAAAAAAAAAAAAAAAAAAAAAAAAAAAAAAAAAAAAAAAAAAAAAAAAAAAAAAAAAAAAAAAAAAAAAAAAAAAAAAAAAAAAAAAAAAAAAAAAAAAAAAAAAAAAAAAAAAAAAAAAAAAAAAAAAAAAAAAAAAAAAAAAAAAAAAAAAAAAAAAAAAAAAAAAAAAAAAAAAAAAAAAAAAAAAAAAAAAAAAAAAAAAAAAAAAAAAAAAAAAAAAAAAAAAAAAAAAAAAAAAAAAAAAAAAAAAAAAAAAAAAAAAAAAAAAAAAAAAAAAAAAAAAAAAAAAAAAAAAAAAAAAAAAAAAAAAAAAAAAAAAAAAAAAAAAAAAAAAAAAAAAAAAAAAAAAAAAAAAAAAAAAAAAAAAAAAAAAAAAAAAAAAAAAAAAAAAAAAAAAAAAAAAAAAAAAAAAAAAAAAAAAAAAAAAAAAAAAAAAAAAAAAAAAAAAAAAAAAAAAAAAAAAAAAAAAAAAAAAAAAAAAAAAAAAAAAAAAAAAAAAAAAAAAAAAAAAAAAAAAAAAAAAAAAAAAAAAAAAAAAAAAAAAAAAAAAAAAAAAAAAAAAAAAAAAAAAAAAAAAAAAAAAAAAAAAAAAAAAAAAAAAAAAAAAAAAAAAAAAAAAAAAAAAAAAAAAAAAAAAAAAAAAAAAAAAAAAAAAAAAAAAAAAAAAAAAAAAAAAAAAAAAAAAAAAAAAAAAAAAAAAAAAAAAAAAAAAAAAAAAAAAAAAAAAAAAAAAAAAAAAAAAAAAAAAAAAAAAAAAAAAAAAAAAAAAAAAAAAAAAAAAAAAAAAAAAAAAAAAAAAAAAAAAAAAAAAAAAAAAAAAAAAAAAAAAAAAAAAAAAAAAAAAAAAAAAAAAAAAAAAAAAAAAAAAAAAAAAAAAAAAAAAAAAAAAAAAAAAAAAAAAAAAAAAAAAAAAAAAAAAAAAAAAAAAAAAAAAAAAAAAAAAAAAAAAAAAAAAAAAAAAAAAAAAAAAAAAAAAAAAAAAAAAAAAAAAAAAAAAAAAAAAAAAAAAAAAAAAAAAAAAAAAAAAAAAAAAAAAAAAAAAAAAAAAAAAAAAAAAAAAAAAAAAAAAAAAAAAAAAAAAAAAAAAAAAAAAAAAAAAAAAAAAAAAAAAAAAAAAAAAAAAAAAAAAAAAAAAAAAAAAAAAAAAAAAAAAAAAAAAAAAAAAAAAAAAAAAAAAAAAAAAAAAAAAAAAAAAAAAAAAAAAAAAAAAAAAAAAAAAAAAAAAAAAAAAAAAAAAAAAAAAAAAAAAAAAAAAAAAAAAAAAAAAAAAAAAAAAAAAAAAAAAAAAAAAAAAAAAAAAAAAAAAAAAAAAAAAAAAAAAAAAAAAAAAAAAAAAAAAAAAAAAAAAAAAAAAAAAAAAAAAAAAAAAAAAAAAAAAAAAAAAAAAAAAAAAAAAAAAAAAAAAAAAAAAAAAAAAAAAAAAAAAAAAAAAAAAAAAAAAAAAAAAAAAAAAAAAAAAAAAAAAAAAAAAAAAAAAAAAAAAAAAAAAAAAAAAAAAAAAAAAAAAAAAAAAAAAAAAAAAAAAAAAAAAAAAAAAAAAAAAAAAAAAAAAAAAAAAAAAAAAAAAAAAAAAAAAAAAAAAAAAAAAAAAAAAAAAAAAAAAAAAAAAAAAAAAAAAAAAAAAAAAAAAAAAAAAAAAAAAAAAAAAAAAAAAAAAAAAAAAAAAAAAAAAAAAAAAAAAAAAAAAAAAAAAAAAAAAAAAAAAAAAAAAAAAAAAAAAAAAAAAAAAAAAAAAAAAAAAAAAAAAAAAAAAAAAAAAAAAAAAAAAAAAAAAAAAAAAAAAAAAAAAAAAAAAAAAAAAAAAAAAAAAAAAAAAAAAAAAAAAAAAAAAAAAAAAAAAAAAAAAAAAAAAAAAAAAAAAAAAAAAAAAAAAAAAAAAAAAAAAAAAAAAAAAAAAAAAAAAAAAAAAAAAAAAAAAAAAAAAAAAAAAAAAAAAAAAAAAAAAAAAAAAAAAAAAAAAAAAAAAAAAAAAAAAAAAAAAAAAAAAAAAAAAAAAAAAAAAAAAAAAAAAAAAAAAAAAAAAAAAAAAAAAAAAAAAAAAAAAAAAAAAAAAAAAAAAAAAAAAAAAAAAAAAAAAAAAAAAAAAAAAAAAAAAAAAAAAAAAAAAAAAAAAAAAAAAAAAAAAAAAAAAAAAAAAAAAAAAAAAAAAAAAAAAAAAAAAAAAAAAAAAAAAAAAAAAAAAAAAAAAAAAAAAAAAAAAAAAAAAAAAAAAAAAAAAAAAAAAAAAAAAAAAAAAAAAAAAAAAAAAAAAAAAAAAAAAAAAAAAAAAAAAAAAAAAAAAAAAAAAAAAAAAAAAAAAAAAAAAAAAAAAAAAAAAAAAAAAAAAAAAAAAAAAAAAAAAAAAAAAAAAAAAAAAAAAAAAAAAAAAAAAAAAAAAAAAAAAAAAAAAAAAAAAAAAAAAAAAAAAAAAAAAAAAAAAAAAAAAAAAAAAAAAAAAAAAAAAAAAAAAAAAAAAAAAAAAAAAAAAAAAAAAAAAAAAAAAAAAAAAAAAAAAAAAAAAAAAAAAAAAAAAAAAAAAAAAAAAAAAAAAAAAAAAAAAAAAAAAAAAAAAAAAAAAAAAAAAAAAAAAAAAAAAAAAAAAAAAAAAAAAAAAAAAAAAAAAAAAAAAAAAAAAAAAAAAAAAAAAAAAAAAAAAAAAAAAAAAAAAAAAAAAAAAAAAAAAAAAAAAAAAAAAAAAAAAAAAAAAAAAAAAAAAAAAAAAAAAAAAAAAAAAAAAAAAAAAAAAAAAAAAAAAAAAAAAAAAAAAAAAAAAAAAAAAAAAAAAAAAAAAAAAAAAAAAAAAAAAAAAAAAAAAAAAAAAAAAAAAAAAAAAAAAAAAAAAAAAAAAAAAAAAAAAAAAAAAAAAAAAAAAAAAAAAAAAAAAAAAAAAAAAAAAAAAAAAAAAAAAAAAAAAAAAAAAAAAAAAAAAAAAAAAAAAAAAAAAAAAAAAAAAAAAAAAAAAAAAAAAAAAAAAAAAAAAAAAAAAAAAAAAAAAAAAAAAAAAAAAAAAAAAAAAAAAAAAAAAAAAAAAAAAAAAAAAAAAAAAAAAAAAAAAAAAAAAAAAAAAAAAAAAAAAAAAAAAAAAAAAAAAAAAAAAAAAAAAAAAAAAAAAAAAAAAAAAAAAAAAAAAAAAAAAAAAAAAAAAAAAAAAAAAAAAAAAAAAAAAAAAAAAAAAAAAAAAAAAAAAAAAAAAAAAAAAAAAAAAAAAAAAAAAAAAAAAAAAAAAAAAAAAAAAAAAAAAAAAAAAAAAAAAAAAAAAAAAAAAAAAAAAAAAAAAAAAAAAAAAAAAAAAAAAAAAAAAAAAAAAAAAAAAAAAAAAAAAAAAAAAAAAAAAAAAAAAAAAAAAAAAAAAAAAAAAAAAAAAAAAAAAAAAAAAAAAAAAAAAAAAAAAAAAAAAAAAAAAAAAAAAAAAAAAAAAAAAAAAAAAAAAAAAAAAAAAAAAAAAAAAAAAAAAAAAAAAAAAAAAAAAAAAAAAAAAAAAAAAAAAAAAAAAAAAAAAAAAAAAAAAAAAAAAAAAAAAAAAAAAAAAAAAAAAAAAAAAAAAAAAAAAAAAAAAAAAAAAAAAAAAAAAAAAAAAAAAAAAAAAAAAAAAAAAAAAAAAAAAAAAAAAAAAAAAAAAAAAAAAAAAAAAAAAAAAAAAAAAAAAAAAAAAAAAAAAAAAAAAAAAAAAAAAAAAAAAAAAAAAAAAAAAAAAAAAAAAAAAAAAAAAAAAAAAAAAAAAAAAAAAAAAAAAAAAAAAAAAAAAAAAAAAAAAAAAAAAAAAAAAAAAAAAAAAAAAAAAAAAAAAAAAAAAAAAAAAAAAAAAAAAAAAAAAAAAAAAAAAAAAAAAAAAAAAAAAAAAAAAAAAAAAAAAAAAAAAAAAAAAAAAAAAAAAAAAAAAAAAAAAAAAAAAAAAAAAAAAAAAAAAAAAAAAAAAAAAAAAAAAAAAAAAAAAAAAAAAAAAAAAAAAAAAAAAAAAAAAAAAAAAAAAAAAAAAAAAAAAAAAAAAAAAAAAAAAAAAAAAAAAAAAAAAAAAAAAAAAAAAAAAAAAAAAAAAAAAAAAAAAAAAAAAAAAAAAAAAAAAAAAAAAAAAAAAAAAAAAAAAAAAAAAAAAAAAAAAAAAAAAAAAAAAAAAAAAAAAAAAAAAAAAAAAAAAAAAAAAAAAAAAAAAAAAAAAAAAAAAAAAAAAAAAAAAAAAAAAAAAAAAAAAAAAAAAAAAAAAAAAAAAAAAAAAAAAAAAAAAAAAAAAAAAAAAAAAAAAAAAAAAAAAAAAAAAAAAAAAAAAAAAAAAAAAAAAAAAAAAAAAAAAAAAAAAAAAAAAAAAAAAAAAAAAAAAAAAAAAAAAAAAAAAAAAAAAAAAAAAAAAAAAAAAAAAAAAAAAAAAAAAAAAAAAAAAAAAAAAAAAAAAAAAAAAAAAAAAAAAAAAAAAAAAAAAAAAAAAAAAAAAAAAAAAAAAAAAAAAAAAAAAAAAAAAAAAAAAAAAAAAAAAAAAAAAAAAAAAAAAAAAAAAAAAAAAAAAAAAAAAAAAAAAAAAAAAAAAAAAAAAAAAAAAAAAAAAAAAAAAAAAAAAAAAAAAAAAAAAAAAAAAAAAAAAAAAAAAAAAAAAAAAAAAAAAAAAAAAAAAAAAAAAAAAAAAAAAAAAAAAAAAAAAAAAAAAAAAAAAAAAAAAAAAAAAAAAAAAAAAAAAAAAAAAAAAAAAAAAAAAAAAAAAAAAAAAAAAAAAAAAAAAAAAAAAAAAAAAAAAAAAAAAAAAAAAAAAAAAAAAAAAAAAAAAAAAAAAAAAAAAAAAAAAAAAAAAAAAAAAAAAAAAAAAAAAAAAAAAAAAAAAAAAAAAAAAAAAAAAAAAAAAAAAAAAAAAAAAAAAAAAAAAAAAAAAAAAAAAAAAAAAAAAAAAAAAAAAAAAAAAAAAAAAAAAAAAAAAAAAAAAAAAAAAAAAAAAAAAAAAAAAAAAAAAAAAAAAAAAAAAAAAAAAAAAAAAAAAAAAAAAAAAAAAAAAAAAAAAAAAAAAAAAAAAAAAAAAAAAAAAAAAAAAAAAAAAAAAAAAAAAAAAAAAAAAAAAAAAAAAAAAAAAAAAAAAAAAAAAAAAAAAAAAAAAAAAAAAAAAAAAAAAAAAAAAAAAAAAAAAAAAAAAAAAAAAAAAAAAAAAAAAAAAAAAAAAAAAAAAAAAAAAAAAAAAAAAAAAAAAAAAAAAAAAAAAAAAAAAAAAAAAAAAAAAAAAAAAAAAAAAAAAAAAAAAAAAAAAAAAAAAAAAAAAAAAAAAAAAAAAAAAAAAAAAAAAAAAAAAAAAAAAAAAAAAAAAAAAAAAAAAAAAAAAAAAAAAAAAAAAAAAAAAAAAAAAAAAAAAAAAAAAAAAAAAAAAAAAAAAAAAAAAAAAAAAAAAAAAAAAAAAAAAAAAAAAAAAAAAAAAAAAAAAAAAAAAAAAAAAAAAAAAAAAAAAAAAAAAAAAAAAAAAAAAAAAAAAAAAAAAAAAAAAAAAAAAAAAAAAAAAAAAAAAAAAAAAAAAAAAAAAAAAAAAAAAAAAAAAAAAAAAAAAAAAAAAAAAAAAAAAAAAAAAAAAAAAAAAAAAAAAAAAAAAAAAAAAAAAAAAAAAAAAAAAAAAAAAAAAAAAAAAAAAAAAAAAAAAAAAAAAAAAAAAAAAAAAAAAAAAAAAAAAAAAAAAAAAAAAAAAAAAAAAAAAAAAAAAAAAAAAAAAAAAAAAAAAAAAAAAAAAAAAAAAAAAAAAAAAAAAAAAAAAAAAAAAAAAAAAAAAAAAAAAAAAAAAAAAAAAAAAAAAAAAAAAAAAAAAAAAAAAAAAAAAAAAAAAAAAAAAAAAAAAAAAAAAAAAAAAAAAAAAAAAAAAAAAAAAAAAAAAAAAAAAAAAAAAAAAAAAAAAAAAAAAAAAAAAAAAAAAAAAAAAAAAAAAAAAAAAAAAAAAAAAAAAAAAAAAAAAAAAAAAAAAAAAAAAAAAAAAAAAAAAAAAAAAAAAAAAAAAAAAAAAAAAAAAAAAAAAAAAAAAAAAAAAAAAAAAAAAAAAAAAAAAAAAAAAAAAAAAAAAAAAAAAAAAAAAAAAAAAAAAAAAAAAAAAAAAAAAAAAAAAAAAAAAAAAAAAAAAAAAAAAAAAAAAAAAAAAAAAAAAAAAAAAAAAAAAAAAAAAAAAAAAAAAAAAAAAAAAAAAAAAAAAAAAAAAAAAAAAAAAAAAAAAAAAAAAAAAAAAAAAAAAAAAAAAAAAAAAAAAAAAAAAAAAAAAAAAAAAAAAAAAAAAAAAAAAAAAAAAAAAAAAAAAAAAAAAAAAAAAAAAAAAAAAAAAAAAAAAAAAAAAAAAAAAAAAAAAAAAAAAAAAAAAAAAAAAAAAAAAAAAAAAAAAAAAAAAAAAAAAAAAAAAAAAAAAAAAAAAAAAAAAAAAAAAAAAAAAAAAAAAAAAAAAAAAAAAAAAAAAAAAAAAAAAAAAAAAAAAAAAAAAAAAAAAAAAAAAAAAAAAAAAAAAAAAAAAAAAAAAAAAAAAAAAAAAAAAAAAAAAAAAAAAAAAAAAAAAAAAAAAAAAAAAAAAAAAAAAAAAAAAAAAAAAAAAAAAAAAAAAAAAAAAAAAAAAAAAAAAAAAAAAAAAAAAAAAAAAAAAAAAAAAAAAAAAAAAAAAAAAAAAAAAAAAAAAAAAAAAAAA'),
(50, 10, 'abc', '2025-05-13 12:30:17', '2025-06-04 00:00:00', 'Media', 'Pendiente', 'sumar'),
(51, 16, '123aaa', '2025-05-12 12:23:17', '2025-05-31 00:00:00', 'Alta', 'Completada', '12312312312321312313123123123123123123123213123131231231231231231231232131231312312312312312312312321312313123123123123123123123213123131231231231231231231232131231312312312312312312312321312313123123123123123123123213123131231231231231231231232131231312312312312312312312321312313123123123123123123123213123131231231231231231231232131231312312312312312312312321312313123123123123123123123213123131231231231231231231232131231312312312312312312312321312313123123123123123123123213123131231231231231231231232131231312312312312312312312321312313123123123123123123123213123131231231231231231231232131231312312312312312312312321312313123123123123123123123213123131231231231231231231232131231312312312312312312312321312313123123123123123123123213123131231231231231231231232131231312312312312312312312321312313123123123123123123123213123131231231231231231231232131231312312312312312312312321312313123123123123123123123213123131231231231231231231232131231312312312312312312312321312313123123123123123123123213123131231231231231231231232131231312312312312312312312321312313123123123123123123123213123131231231231231231231232131231312312312312312312312321312313123123123123123123123213123131231231231231231231232131231312312312312312312312321312313123123123123123123123213123131231231231231231231232131231312312312312312312312321312313123123123123123123123213123131231231231231231231232131231312312312312312312312321312313123123123123123123123213123131231231231231231231232131231312312312312312312312321312313123123123123123123123213123131231231231231231231232131231312312312312312312312321312313123123123123123123123213123131231231231231231231232131231312312312312312312312321312313123123123123123123123213123131231231231231231231232131231312312312312312312312321312313123123123123123123123213123131231231231231231231232131231312312312312312312312321312313123123123123123123123213123131231231231231231231232131231312312312312312312312321312313123123123123123123123213123131231231231231231231232131231312312312312312312312321312313123123123123123123123213123131231231231231231231232131231312312312312312312312321312313123123123123123123123213123131231231231231231231232131231312312312312312312312321312313123123123123123123123213123131231231231231231231232131231312312312312312312312321312313123123123123123123123213123131231231231231231231232'),
(54, 16, 'Optitask', '2025-05-15 10:40:15', '2025-06-02 00:00:00', 'Alta', 'Pendiente', '-Que Urgentes no pete\r\n\r\n-Permisos de edicion, leer...(acabado)\r\n\r\n-Subir videos (posible) / fotos.\r\n\r\n-Registrarse responsive'),
(59, 16, 'AAAAAAAAAAAAAAAAAAAAAAAAAAAAAA', '2025-05-19 12:57:15', '2025-06-07 00:00:00', 'Media', 'Completada', 'AAAAAAAAAAAAAAAAAAAAAAAAAAAAAAAAAAAAAAAAAAAAAAAAAAAAAAAAAAAAAAAAAAAAAAAAAAAAAAAAAAAAAAAAAAAAAAAAAAAAAAAAAAAAAAAAAAAAAAAAAAAAAAAAAAAAAAAAAAAAAAAAAAAAAAAAAAAAAAAAAAAAAAAAAAAAAAAAAAAAAAAAAAAAAAAAAAAAAAAAAAAAAAAAAAAAAAAAAAAAAAAAAAAAAAAAAAAAAAAAAAAAAAAAAAAAAAAAAAAAAAAAAAAAAAAAAAAAAAAAAAAAAAAAAAAAAAAAAAAAAAAAAAAAAAAAAAAAAAAAAAAAAAAAAAAAAAAAAAAAAAAAAAAAAAAAAAAAAAAAAAAAAAAAAAAAAAAAAAAAAAAAAAAAAAAAAAAAAAAAAAAAAAAAAAAAAAAAAAAAAAAAAAAAAAAAAAAAAAAAAAAAAAAAAAAAAAAAAAAAAAAAAAAAAAAAAAAAAAAAAAAAAAAAAAAAAAAAAAAAAAAAAAAAAAAAAAAAAAAAAAAAAAAAAAAAAAAAAAAAAAAAAAAAAAAAAAAAAAAAAAAAAAAAAAAAAAAAAAAAAAAAAAAAAAAAAAAAAAAAAAAAAAAAAAAAAAAAAAAAAAAAAAAAAAAAAAAAA'),
(60, 23, 'Prueba1', '2025-05-27 09:43:30', '2025-05-31 00:00:00', 'Media', 'En Progreso', '123'),
(61, 24, 'Tarea 1', '2025-05-28 11:31:32', '2025-05-29 00:00:00', 'Baja', 'Pendiente', 'Cocinar patatas fritas'),
(62, 24, 'Tarea 2', '2025-05-28 11:31:54', '2025-05-31 00:00:00', 'Media', 'En Progreso', 'Trabajar'),
(63, 24, 'Tarea 3', '2025-05-28 11:32:47', '2025-05-31 00:00:00', 'Alta', 'Completada', 'Estudiar quimica');

-- --------------------------------------------------------

--
-- Estructura de tabla para la tabla `usuario`
--

CREATE TABLE `usuario` (
  `id_usuario` int(11) NOT NULL,
  `nombre` varchar(20) NOT NULL,
  `email` varchar(50) NOT NULL,
  `contraseña` varchar(16) NOT NULL,
  `fecha_registro` datetime NOT NULL DEFAULT current_timestamp(),
  `imagen` varchar(255) DEFAULT NULL
) ENGINE=InnoDB DEFAULT CHARSET=utf8mb4 COLLATE=utf8mb4_general_ci;

--
-- Volcado de datos para la tabla `usuario`
--

INSERT INTO `usuario` (`id_usuario`, `nombre`, `email`, `contraseña`, `fecha_registro`, `imagen`) VALUES
(1, 'admin', 'admin@gmail.com', 'admin', '2025-04-28 00:00:00', NULL),
(2, 'Hola', 'Hola@example.com', '$2y$10$hjiPjd.Tr', '2025-04-29 00:00:00', NULL),
(3, 'Uno', 'Uno@example.com', 'contraseña321', '2025-04-29 00:00:00', NULL),
(7, 'fiple', 'fatimariqu@gmail.con', 'asdfñlkj', '2025-05-02 00:00:00', NULL),
(8, 'Fufen2', '1234567@gmail.com', '09876543', '2025-05-03 00:00:00', NULL),
(10, 'Fufen', 'aaaaaaaaaaa@gmail.com', '12345678', '2025-05-03 00:00:00', '/OptiTask/Codigo/app/view/Imagenes/68232242c6ebd_Valverde.jpg'),
(16, '1', '112345678@gmail.com', '1', '2025-05-07 18:11:23', NULL),
(17, 'a', 'lll@gmail.com', '12345678', '2025-05-09 14:21:14', NULL),
(18, 'aas', '21312312312312312@gmail.com', '12345678', '2025-05-10 16:02:04', NULL),
(19, '12', '12345123123167@gmail.com', '12345678', '2025-05-15 15:26:35', NULL),
(20, '123', '12345671123123123123@gmail.com', '12345678', '2025-05-15 15:27:29', NULL),
(21, '12345', '111234567@gmail.com', '12345678', '2025-05-15 15:32:22', NULL),
(22, '123123123', '1234512367@gmail.com', '123123123', '2025-05-15 15:41:44', NULL),
(23, '123123123123123', '122123123@gmail.com', '12345678', '2025-05-27 09:43:17', NULL),
(24, 'vbnn', 'NoSi@gmail.com', '12345678', '2025-05-28 11:18:21', '/OptiTask/Codigo/app/view/Imagenes/6836e523922a8_image (1).jpg');

--
-- Índices para tablas volcadas
--

--
-- Indices de la tabla `comentarios`
--
ALTER TABLE `comentarios`
  ADD PRIMARY KEY (`id_comentario`),
  ADD KEY `index_tarea` (`id_tarea`),
  ADD KEY `Index_Usuario` (`id_usuario`);

--
-- Indices de la tabla `compartidas`
--
ALTER TABLE `compartidas`
  ADD PRIMARY KEY (`id_compartidas`),
  ADD KEY `Index_tarea` (`id_tarea`),
  ADD KEY `Index_usuario` (`id_usuario_origen`),
  ADD KEY `Index_usuario_destino` (`id_usuario_destino`);

--
-- Indices de la tabla `subtarea`
--
ALTER TABLE `subtarea`
  ADD PRIMARY KEY (`id_subtarea`),
  ADD KEY `INDEX_tarea` (`id_tarea`);

--
-- Indices de la tabla `tarea`
--
ALTER TABLE `tarea`
  ADD PRIMARY KEY (`id_tarea`),
  ADD KEY `index_usuario` (`id_usuario`);

--
-- Indices de la tabla `usuario`
--
ALTER TABLE `usuario`
  ADD PRIMARY KEY (`id_usuario`),
  ADD UNIQUE KEY `unique_email` (`email`);

--
-- AUTO_INCREMENT de las tablas volcadas
--

--
-- AUTO_INCREMENT de la tabla `comentarios`
--
ALTER TABLE `comentarios`
  MODIFY `id_comentario` int(11) NOT NULL AUTO_INCREMENT, AUTO_INCREMENT=28;

--
-- AUTO_INCREMENT de la tabla `compartidas`
--
ALTER TABLE `compartidas`
  MODIFY `id_compartidas` int(11) NOT NULL AUTO_INCREMENT, AUTO_INCREMENT=45;

--
-- AUTO_INCREMENT de la tabla `subtarea`
--
ALTER TABLE `subtarea`
  MODIFY `id_subtarea` int(11) NOT NULL AUTO_INCREMENT, AUTO_INCREMENT=37;

--
-- AUTO_INCREMENT de la tabla `tarea`
--
ALTER TABLE `tarea`
  MODIFY `id_tarea` int(11) NOT NULL AUTO_INCREMENT, AUTO_INCREMENT=72;

--
-- AUTO_INCREMENT de la tabla `usuario`
--
ALTER TABLE `usuario`
  MODIFY `id_usuario` int(11) NOT NULL AUTO_INCREMENT, AUTO_INCREMENT=25;

--
-- Restricciones para tablas volcadas
--

--
-- Filtros para la tabla `comentarios`
--
ALTER TABLE `comentarios`
  ADD CONSTRAINT `comentarios_ibfk_1` FOREIGN KEY (`id_tarea`) REFERENCES `tarea` (`id_tarea`) ON DELETE CASCADE ON UPDATE CASCADE,
  ADD CONSTRAINT `comentarios_ibfk_2` FOREIGN KEY (`id_usuario`) REFERENCES `usuario` (`id_usuario`) ON DELETE CASCADE ON UPDATE CASCADE;

--
-- Filtros para la tabla `compartidas`
--
ALTER TABLE `compartidas`
  ADD CONSTRAINT `compartidas_ibfk_1` FOREIGN KEY (`id_tarea`) REFERENCES `tarea` (`id_tarea`) ON DELETE CASCADE ON UPDATE CASCADE,
  ADD CONSTRAINT `compartidas_ibfk_2` FOREIGN KEY (`id_usuario_origen`) REFERENCES `usuario` (`id_usuario`) ON DELETE CASCADE ON UPDATE CASCADE,
  ADD CONSTRAINT `compartidas_ibfk_3` FOREIGN KEY (`id_usuario_destino`) REFERENCES `usuario` (`id_usuario`) ON DELETE CASCADE ON UPDATE CASCADE;

--
-- Filtros para la tabla `subtarea`
--
ALTER TABLE `subtarea`
  ADD CONSTRAINT `subtarea_ibfk_1` FOREIGN KEY (`id_tarea`) REFERENCES `tarea` (`id_tarea`) ON DELETE CASCADE ON UPDATE CASCADE;

--
-- Filtros para la tabla `tarea`
--
ALTER TABLE `tarea`
  ADD CONSTRAINT `tarea_ibfk_1` FOREIGN KEY (`id_usuario`) REFERENCES `usuario` (`id_usuario`) ON DELETE CASCADE ON UPDATE CASCADE;
COMMIT;

/*!40101 SET CHARACTER_SET_CLIENT=@OLD_CHARACTER_SET_CLIENT */;
/*!40101 SET CHARACTER_SET_RESULTS=@OLD_CHARACTER_SET_RESULTS */;
/*!40101 SET COLLATION_CONNECTION=@OLD_COLLATION_CONNECTION */;

-- Crear usuario si no existe
CREATE USER IF NOT EXISTS 'admin'@'localhost' IDENTIFIED BY 'admin123';

-- Darle todos los privilegios solo en tu base de datos
GRANT ALL PRIVILEGES ON optitask.* TO 'admin'@'localhost';

-- Aplicar cambios
FLUSH PRIVILEGES;